{
	"format_version": "1.8.0",
	"animations": {
		"animation.M134.load": {
			"loop": true,
			"animation_length": 3.9333,
			"bones": {
				"main": {
					"rotation": {
						"0.0": [0, 0, 5],
						"0.2": [4.00547, -2.99269, 9.79054],
						"0.4": [4.15347, -1.78177, 6.86686],
						"0.5": [3.29023, -1.59342, 8.37638],
						"0.7": [2.93641, -0.65978, 7.91706],
						"0.8": [4.00243, -1.99513, 9.86043],
						"1.0": [0.6768, -3.44359, 0.85904],
						"1.2": [-3.86749, -4.01957, -20.05095],
						"1.3": [-2.34485, -3.46236, -27.11477],
						"1.4": [-2.34768, -4.46153, -27.07374],
						"1.5": [-2.08599, -3.65944, -32.12102],
						"1.6": [-3.57298, -3.40324, -24.10897],
						"1.7": [-3.4301, -4.45941, -25.04838],
						"1.7667": [-4.10523, -4.51375, -29.06747],
						"1.8667": [-5.18425, -3.37444, -27.15779],
						"1.9667": [-4.00216, -3.58863, -30.15567],
						"2.1667": [-3.40639, -2.07641, -23.22221],
						"2.2667": [-3.29319, -2.25174, -26.21922],
						"2.3667": [-5.25344, -2.30884, -27.21838],
						"2.4667": [-5.42823, -0.75305, -21.33577],
						"2.6667": [-3.03536, 0.3895, -16.42489],
						"2.7667": [-2.0543, 1.11954, -4.4586],
						"2.9": [-1.08576, 0.12388, -2.42186],
						"3.0": [-1.08088, -0.83812, -0.40335],
						"3.1": [0.04308, 0.36359, -11.33826],
						"3.2": [1.07092, 0.29976, -1.52067],
						"3.3": [1.03495, 0.28307, -3.66806],
						"3.5": [0, 0, 0]
					},
					"position": {
						"0.0": [0, 0, 0],
						"0.1": [-0.2, -0.95, 0],
						"0.3": [-2.2, -0.9, 0],
						"0.5": [-2.2, -1.3, 0],
						"0.7": [-2.6, -1.22, 0],
						"0.8": [-2.2, -0.9, 0],
						"1.0": [-1.92, -1.22, -1.44],
						"1.1": [-1.01, -2.21, -2.88],
						"1.2": [-1.96, -2.46, -3.24],
						"1.4": [-2.2, -3.8, -3.6],
						"1.6": [-2.5, -2.9, -3.6],
						"1.7": [-2.6, -2.5, -3.6],
						"1.7667": [-3, -1.4, -3.6],
						"1.8667": [-3, -1.4, -3.6],
						"2.0667": [-2.63, -2.03, -3.6],
						"2.1667": [-2.65, -2.6, -3.6],
						"2.2667": [-2.8, -2.6, -3.6],
						"2.3667": [-3.3, -0.9, -3.6],
						"2.4667": [-2.86, -1.35, -3.6],
						"2.5667": [-3.02, -1.9, -3.6],
						"2.6667": [-2.75, -1.9, -3.6],
						"2.7667": [-1.9, -1.9, -3.6],
						"2.9": [-2.1, -1.9, -3.6],
						"3.1": [-2, -1.27, -2.4],
						"3.3": [-1.4, -1.27, -2.4],
						"3.5": [0, 0, 0]
					}
				},
				"magazine": {
					"rotation": {
						"1.3333": [19.86262, -2.38888, -13.41833],
						"1.3667": [11.64048, 0.41438, -22.01617],
						"1.4": [7.5, 0, -17.5],
						"1.5": [-3, -3.5, 2],
						"1.6": [-0.01745, 0.99985, 2.99985],
						"1.7": [0, 0, 0],
						"1.7667": [0, 0, 0]
					},
					"position": {
						"0.0": [17, -13, 28],
						"1.2667": [17, -13, 28],
						"1.3333": [4.6, -10.4, 2.4],
						"1.4": [2.68, -6.9, 0.8],
						"1.5": [-0.25, -6.7, -0.2],
						"1.6": [-0.4, -6.6, 0],
						"1.7": [0, -4, 0],
						"1.7667": [0, 0, 0]
					}
				},
				"lefthand": {
					"rotation": {
						"0.0": [0, 0, 0],
						"0.2": [-3.01555, -17.00515, -27.75439],
						"0.3": [19.95306, -25.96871, -28.56493],
						"0.9333": [19.95306, -25.96871, -28.56493],
						"1.3": [6.19259, -31.72957, 11.35107],
						"1.4": [5.18146, -25.5172, 3.52158],
						"1.5": [4.41474, -21.62613, 17.73755],
						"1.6": [5.41474, -21.62613, 17.73755],
						"1.7": [4.28929, -15.76208, 24.24072],
						"1.7667": [3.29874, -9.70523, 24.56541],
						"1.9667": [3.29874, -9.70523, 24.56541],
						"2.1667": [2.95392, -24.41641, 21.60778],
						"2.2667": [2.95392, -24.41641, 21.60778],
						"2.3667": [3.09681, -14.60676, 23.55725],
						"2.5667": [3.09681, -14.60676, 23.55725],
						"2.6667": [0.93066, -10.53881, 21.04347],
						"2.8": [-3.7684, 9.66164, 16.06804],
						"2.9": [1.4573, 24.81197, 12.33646],
						"3.0": [1.4573, 24.81197, 12.33646],
						"3.1": [8.4573, 24.81197, 12.33646],
						"3.3": [8.4573, 24.81197, 12.33646],
						"3.4": [-0.06966, 9.43723, 5.64334],
						"3.6": [0, 0, 0]
					},
					"position": {
						"0.0": [0, 0, 0],
						"0.2": [0, -2.9, 9.2],
						"0.3": [0, -8.7, 15.9],
						"0.9333": [0, -8.7, 15.9],
						"1.3": [-1.9, -8.7, 26.9],
						"1.4": [-2.4, -8.9, 22.4],
						"1.5": [-6.9, -13.6, 21.1],
						"1.6": [-6.66, -13.83, 21.1],
						"1.7": [-6.7, -14.4, 21.1],
						"1.7667": [-6.8, -14.4, 20.2],
						"1.9667": [-6.8, -14.4, 20.2],
						"2.1667": [-6.8, -18.3, 20.2],
						"2.2667": [-6.8, -18.3, 20.2],
						"2.5667": [-6.8, -18.3, 20.2],
						"2.6667": [-4.03, -17.78, 27.2],
						"2.8": [1.3, -15.11, 20.17],
						"2.9": [4.6, -13.1, 14.9],
						"3.0": [4.6, -13.1, 14.9],
						"3.1": [6, -11.7, 14.9],
						"3.3": [6, -11.7, 14.9],
						"3.6": [0, 0, 0]
					}
				}
			},
			"sound_effects": {
				"0.0": {
					"effect": "gun_unrest"
				},
				"0.1": {
					"effect": "gun_foley"
				},
				"1.4": {
					"effect": "mag_insert"
				},
				"2.1667": {
					"effect": "mag_smack"
				},
				"2.7667": {
					"effect": "gun_rest"
				},
				"2.9": {
					"effect": "bolt_press"
				}
			}
		},
		"animation.M134.draw": {
			"loop": true,
			"animation_length": 1.3,
			"bones": {
				"main": {
					"rotation": {
						"0.0": [24.24137, 10.98522, 25.0867],
						"0.3": [18.9952, 8.52957, 23.9258],
						"0.5": [14.7189, 3.8195, 15.7861],
						"0.8": [10.66135, 4.37754, 4.78514],
						"1.0": [7.6614, 2.5775, 2.7851],
						"1.1": [2.2967, 1.387, 3],
						"1.2": [0, 0, 0]
					},
					"position": {
						"0.0": [-10, -12, 21],
						"0.2": [-8.29, -9.14, 16.5],
						"0.3": [-7.65, -6.64, 13.23],
						"0.4": [-7.01, -6.13, 9.96],
						"0.5": [-6.37, -4.03, 7.05],
						"0.7": [-4.73, -4.33, -0.85],
						"0.8": [-2.2, -3.63, -3.76],
						"0.9": [-1.89, -3.11, -3.22],
						"1.0": [-1, 0, -5],
						"1.2": [0, 0, 3.5],
						"1.3": [0, 0, 0]
					}
				},
				"lefthand": {
					"rotation": [0, 0, 0],
					"position": [0, 0, 0]
				}
			}
		},
		"animation.M134.inspect": {
			"loop": true,
			"animation_length": 3.2,
			"bones": {
				"main": {
					"rotation": {
						"0.0": [0, 0, 5],
						"0.1": [-5, 0, 5],
						"0.4": [-13.75, 2.37, 2.28],
						"0.7": [-32.50088, 4.7432, -0.43899],
						"0.8": [-34.55665, 7.59649, 3.69133],
						"1.0": [-34.18463, 12.48192, 6.44863],
						"1.3": [-35.87121, 10.21854, -1.27563]
					},
					"position": {
						"0.0": [0, 0, 0],
						"0.2": [0, -14, -12],
						"0.3": [0, -12.6, -12],
						"0.6": [0, -4, -5],
						"0.8": [0, -7, -5],
						"0.9": [1, -7, -5],
						"1.2": [1, -4, -5]
					}
				},
				"lefthand": {
					"rotation": [0, 0, 0],
					"position": [0, 0, 0]
				}
			},
			"sound_effects": {
				"0.0": {
					"effect": "gun_unrest"
				},
				"1.5": {
					"effect": "gun_foley2"
				},
				"3.2": {
					"effect": "gun_rest"
				}
			}
		},
		"animation.M134.reloadempty": {
			"loop": true,
			"animation_length": 3.9,
			"bones": {
				"main": {
					"rotation": {
						"0.0": [0, 0, 5],
						"0.1": [0, 0, -7],
						"0.2": [1.03522, -1.13509, -12.84647],
						"0.3": [0.88994, -0.76402, -4.83895],
						"0.4": [0.8488, -0.21014, -8.83059],
						"0.6": [-5.38576, -5.27849, -38.21082],
						"0.7": [-6.86075, -4.93323, -35.22626],
						"0.8": [-6.72179, -5.05133, -36.22166],
						"0.9": [-6.68593, -5.03873, -33.9347],
						"1.0": [-6.42154, -5.29808, -31.68472],
						"1.2": [-5.86152, -5.92002, -35.05313],
						"1.3": [-5.62107, -6.64328, -37.51074],
						"1.4": [-4.96371, -7.62968, -42.98545],
						"1.5": [-5.74089, -6.07495, -37.0627],
						"1.6": [-5.41536, -6.36663, -40.06618],
						"1.7": [-7.0719, -6.72768, -43.06445],
						"1.8": [-6.30268, -6.5121, -41.06275],
						"1.9": [-6.84488, -5.93932, -36.06616],
						"2.0": [-7.04721, -5.69743, -34.07056],
						"2.2": [-0.5926, -0.18159, -12.3054],
						"2.3": [-0.58596, 0.79779, -14.31553],
						"2.4": [-0.49935, 0.85466, -8.31517],
						"2.5": [-0.46922, 0.87157, -6.31502],
						"2.6": [-0.01845, 1.43628, -5.31984],
						"2.7": [0.28201, 1.99511, -10.32654],
						"2.8": [0.42055, 1.97058, -6.32421],